weqqkd,1448049159,weqqkd@blazemeter.com
sjhtbh,9112413875,sjhtbh@blazemeter.com
wbsijx,4607676746,wbsijx@blazemeter.com
corgjk,0725622595,corgjk@blazemeter.com
pblyyo,6639777587,pblyyo@blazemeter.com
szqpvc,9013354041,szqpvc@blazemeter.com
txazav,0794406231,txazav@blazemeter.com
hgvukl,4102205443,hgvukl@blazemeter.com
dwjioc,1760089788,dwjioc@blazemeter.com
ckfmdo,0544649883,ckfmdo@blazemeter.com
ciukhk,1200191516,ciukhk@blazemeter.com
tuyamz,2779890361,tuyamz@blazemeter.com
kqurnr,9029489758,kqurnr@blazemeter.com
djhkut,6440911460,djhkut@blazemeter.com
tkegig,5773827696,tkegig@blazemeter.com
bnrvwy,1148119026,bnrvwy@blazemeter.com
olkkwy,5193276197,olkkwy@blazemeter.com
kkkdim,0515098938,kkkdim@blazemeter.com
fttark,9911218246,fttark@blazemeter.com
srtezh,1580137936,srtezh@blazemeter.com
uytfuf,6106134380,uytfuf@blazemeter.com
mivftt,035310,mivftt@blazemeter.com
